{
  "X1_WC_TA": {
    "p25": 0.25079238658267466,
    "median": 0.5626387779338023,
    "p75": 0.6139263528531308
  },
  "X2_RE_TA": {
    "p25": 0.7873020291603079,
    "median": 0.8080835232553774,
    "p75": 0.9053929595965098
  },
  "X3_EBIT_TA": {
    "p25": 1.0194528410688377,
    "median": 1.0570194413520344,
    "p75": 1.1228824250885217
  },
  "X4_MV_TL": {
    "p25": 0.4798655335437388,
    "median": 0.5089159577970379,
    "p75": 0.5663322897654268
  },
  "X5_SALES_TA": {
    "p25": 0.9586304948829478,
    "median": 0.9932808475967205,
    "p75": 1.0097687227623697
  },
  "X6_OCF_TL": {
    "p25": 0.748139906568173,
    "median": 0.8117451014702379,
    "p75": 0.8664326517800215
  }
}